t_state,t_county,ordinance,p_tnum,p_cap,t_hh,t_rd,t_rsa,t_ttlh,xlong,ylat
AZ,Cochise,0,15,30.0,80.0,110.0,9503.32,135.0,-110.08839880000001,32.288584066666665
AZ,Coconino,0,62,99.2,80.0,82.5,5345.62,121.3,-112.28906437704917,35.429404393442624
AZ,Mohave,0,131,359.6,87.88763358778627,124.74137404580154,12265.46519389313,150.1813435114504,-114.40855741044274,35.79832317166413
AZ,Navajo,1,61,128.1,79.0,88.0,6082.12,123.10000000000001,-110.22574955737704,34.633203278688526
CA,Alameda,0,156,292.66,77.5,94.09615384615384,7420.6079487179495,124.6051282051282,-121.64608307085021,37.7556416659919
CA,Contra Costa,1,72,116.2,66.80555555555556,80.1,5346.081388888889,106.80277777777776,-121.68090245749158,37.79672441835017
CA,Imperial,0,94,222.78,80.0,108.0,9160.88,134.1,-116.04056671428569,32.7472633125
CA,Kern,1,1377,3479.23,79.34458037726012,94.27475320612575,7154.697542754992,126.51214164678215,-118.29188223347421,35.066156172173514
CA,Los Angeles,0,1,1.85,80.0,82.5,5345.62,121.3,-118.221596,34.691982
CA,Monterey,1,7,14.59,82.57142857142857,100.21428571428571,8154.314285714286,132.72857142857143,-121.35847114285716,36.442011
CA,Riverside,1,593,546.96,57.30129286115795,55.16065205171445,2650.6827131347195,84.9733558178752,-116.61028367939025,33.913940305637645
CA,San Bernardino,1,7,10.2,76.42857142857143,76.34285714285714,4611.24,114.65714285714284,-117.22669099999999,34.52793471428571
CA,San Diego,1,83,182.95,76.08433734939759,100.68072289156626,8030.2139759036145,126.45542168674697,-116.31079097590361,32.74853902409639
CA,San Joaquin,0,3,3.5,63.333333333333336,66.60000000000001,3526.156666666667,96.56666666666666,-121.46645866666667,37.681462333333336
CA,Shasta,0,44,101.2,80.0,93.0,6792.91,126.5,-121.7940564090909,40.890406704545455
CA,Solano,1,593,1125.65,74.86982747438059,84.34948761188222,5645.614273252043,117.05587300557791,-121.81505604143427,38.13889273159078
CA,Tehama,1,1,1.5,65.0,77.0,4656.63,103.6,-122.193886,40.111195
CA,Yolo,1,1,1.5,80.0,77.0,4656.63,118.6,-121.935188,38.687595
CO,Baca,0,2,3.0,80.0,70.5,3903.63,115.2,-102.650894,37.362293
CO,Bent,0,50,75.0,80.0,77.0,4656.63,118.6,-102.85971622000001,37.67288118
CO,Cheyenne,1,353,800.4,81.77053824362606,117.53541076487252,10887.663937677054,140.4883852691218,-102.57597798647951,38.99766127968066
CO,El Paso,1,145,249.2,80.0,103.0,8332.29,131.4,-104.22943111724138,38.997588296551726
CO,Elbert,1,464,850.2,80.0,101.3146551724138,8117.870625,130.6842672413793,-103.81309428688154,39.27658473848501
CO,Huerfano,0,81,157.06,81.1358024691358,105.67901234567901,8866.27049382716,134.0037037037037,-104.49252572936335,37.74055566531798
CO,Jefferson,1,6,7.1,83.33333333333333,91.66666666666667,6686.096666666667,129.16666666666666,-105.223292,39.907734000000005
CO,Kit Carson,0,683,1500.3600000000001,82.20644216691069,114.04685212298682,10357.697774524158,139.20863836017568,-102.62403243650175,39.12916936392464
CO,Las Animas,0,61,120.25999999999999,80.0,108.85245901639344,9383.574262295082,134.4377049180328,-104.4574491486759,37.704398497225725
CO,Lincoln,1,707,1250.8,80.83451202263083,98.56064356435644,7689.053858938091,130.11477668371234,-103.4574409968742,39.30775863325018
CO,Logan,0,703,1206.8,80.87268847795164,89.20270270270271,6497.634110953059,125.56749644381223,-103.14683702960659,40.91359562656313
CO,Prowers,0,147,241.5,80.0,95.02131743786624,7206.389709032128,127.54988886643768,-102.60594590964504,37.725557319121705
CO,Pueblo,0,1,1.8,80.0,100.0,7853.98,130.1,-104.621391,38.163395
CO,Weld,0,525,868.02,77.94666666666667,83.07178454332552,5891.0324334113975,119.49294301327087,-103.95222462960187,40.914577820093676
CT,Litchfield,0,2,5.0,91.7,103.0,8332.29,143.3,-73.1454545,41.963590499999995
DE,Sussex,1,1,2.0,78.0,90.0,6361.73,123.1,-75.164902,38.78289
IA,Adair,1,544,1224.29,86.23082983193277,104.77959277846942,8681.634598586039,138.64099173928832,-94.54936169620562,41.29192192843256
IA,Adams,0,293,729.48,83.27918088737201,106.11180887372015,8929.523518088736,136.36353583617745,-94.7178084342303,41.08861416168852
IA,Appanoose,0,2,5.6,89.0,127.0,12667.69,152.5,-92.8531075,40.7013055
IA,Audubon,0,202,503.0,84.6053748231966,117.8048090523338,10972.2098679868,143.53429200062865,-94.80310832991513,41.679097359696684
IA,Boone,1,85,170.0,95.0,110.0,9503.32,150.0,-94.13121390909092,42.09733575
IA,Bremer,0,1,0.95,74.33333333333333,53.333333333333336,2234.72,101.06666666666666,-92.39191933333332,42.74350866666666
IA,Buena Vista,0,106,159.0,65.8,78.28,4868.679999999999,105.06,-95.34541856666667,42.573404
IA,Calhoun,0,13,29.9,80.0,101.0,8011.85,130.5,-94.762128875,42.55341725
IA,Carroll,0,175,283.32,80.0,90.65142857142857,6470.581714285713,125.37885714285716,-94.98039232496896,42.13081651925465
IA,Cass,1,272,623.88,80.0,98.68933823529412,7660.300698529412,129.3452205882353,-94.74901295893422,41.28723870392948
IA,Cedar,1,2,6.0,96.0,116.0,10568.32,153.95,-91.232693,41.852642
IA,Cerro Gordo,0,21,46.8,80.53571428571429,115.91071428571429,10560.629226190476,138.58214285714286,-93.38365319642857,43.077493380952376
IA,Cherokee,1,82,212.04,87.35365853658537,124.98780487804878,12283.658902439025,149.78414634146344,-95.77716641463415,42.86866564634146
IA,Clay,1,131,320.3,89.16030534351145,113.86259541984732,10225.861984732825,146.1916030534351,-95.30729468447836,43.17373571755725
IA,Crawford,0,116,204.2,79.13793103448276,87.0,5944.68,122.62413793103448,-95.28715298476342,42.15233496391339
IA,Delaware,1,40,105.75999999999999,93.225,114.7,10464.4105,150.535,-91.46416602500001,42.493524750000006
IA,Dickinson,1,218,453.95000000000005,83.5769622833843,99.18119266055047,8012.434036697248,133.21962283384303,-95.30124735035677,43.315580382059125
IA,Emmet,0,1,1.65,70.0,82.0,5281.02,110.9,-94.81562,43.385403
IA,Fayette,0,15,37.5,100.0,100.0,7853.98,150.0,-92.02945913333333,42.93115246666666
IA,Floyd,1,50,75.0,80.0,91.5,6575.55,125.9,-92.72640729999999,43.03166024
IA,Franklin,0,262,499.90999999999997,82.33587786259542,95.36641221374046,7460.517938931298,129.99809160305344,-93.31878684732824,42.67196245038168
IA,Greene,1,202,412.7,94.56930693069307,107.56683168316832,9118.549207920792,148.35742574257426,-94.22457957884568,42.09615923279401
IA,Grundy,1,95,231.58999999999997,81.57894736842105,111.78947368421052,9839.464210526314,137.57368421052632,-92.95607,42.37222856842105
IA,Guthrie,0,87,200.1,80.0,108.0,9160.88,134.1,-94.6640006825397,41.55597747619048
IA,Hamilton,0,100,150.0,66.61458333333333,74.75,4469.021145833333,104.084375,-93.66316792708334,42.52483752083334
IA,Hancock,0,248,250.048,71.04838709677419,64.74193548387096,3657.8996774193547,103.4,-93.75145237903226,43.08583533064516
IA,Hardin,0,200,300.0,80.0,77.0,4656.63,118.6,-93.41769938356163,42.27373471746576
IA,Henry,0,1,1.5,85.0,82.3,5319.73,126.2,-91.395172,40.954773
IA,Howard,0,219,363.0,82.10958904109589,85.61643835616438,5889.564109589041,124.96301369863012,-92.48632175540996,43.435732179868964
IA,Ida,1,215,503.42,83.05581395348837,118.69302325581396,11104.381627906976,142.43441860465114,-95.43757074418605,42.35167797209303
IA,Iowa,1,46,168.8,97.33766233766234,126.66233766233766,12683.59857142857,160.67922077922077,-92.18080333766234,41.696084103896105
IA,Kossuth,1,145,362.52,86.07118644067796,121.5375803623612,11699.113255406197,146.80506136762128,-94.05870017954413,43.23994452180012
IA,Linn,0,1,2.5,80.0,96.0,7238.23,128.0,-91.650894,41.916592
IA,Madison,1,51,119.65,80.0,108.0,9160.88,134.1,-94.13772862745098,41.205640196078434
IA,Mahaska,0,82,164.0,95.0,110.0,9503.32,150.0,-92.69038127380952,41.449236988095244
IA,Marshall,0,97,229.11,80.0,104.24742268041237,8544.905154639177,132.1701030927835,-92.90459384887535,42.015937897844424
IA,Mitchell,0,178,400.2,80.65730337078652,98.96067415730337,8186.271741573034,130.1376404494382,-92.71708134600131,43.4562789031725
IA,O'Brien,1,315,745.27,80.0,108.0,9160.88,134.1,-95.59152780157663,43.104819985070925
IA,Osceola,1,60,146.4,80.0,116.0,10568.32,138.1,-95.4519214125,43.44160878750001
IA,Palo Alto,1,135,271.0,93.81481481481481,108.37037037037037,9249.897777777778,148.0074074074074,-94.57199184145419,43.18917776891422
IA,Plymouth,1,73,202.74,88.13698630136986,125.94520547945206,12466.380547945206,151.02876712328768,-95.92575178082193,42.826893315068496
IA,Pocahontas,0,122,209.07999999999998,86.55737704918033,97.74697280178836,7562.900214232489,135.5616058122206,-94.7041769450447,42.5978959538003
IA,Pottawattamie,1,102,165.24,80.0,91.5,6575.55,125.9,-95.22941535294117,41.4594564509804
IA,Poweshiek,1,239,510.3,92.85355648535565,114.40167364016736,10320.259163179917,150.03472803347282,-92.47674993651083,41.613338878767664
IA,Sac,0,192,372.82,74.39044299965403,99.20207412820032,8109.573486323246,124.05430019365316,-95.26659217928852,42.43571708472747
IA,Story,1,201,301.5,80.02487562189054,83.51077943615257,5507.38815920398,121.82744610281924,-93.30940624937811,42.145355956674955
IA,Tama,1,46,107.25,80.1086956521739,107.43478260869566,9076.535217391303,133.9217391304348,-92.70892896195653,42.15902383152174
IA,Taylor,0,44,116.75,86.93181818181819,121.22727272727273,11677.266818181819,147.50454545454548,-94.80142556818183,40.68674306818182
IA,Union,0,36,131.3,104.63235294117646,135.91176470588235,14633.377647058822,172.6735294117647,-94.41824567647059,41.12346870588235
IA,Webster,0,107,251.02,80.0,108.0,9160.88,134.1,-94.1847769906542,42.3378828411215
IA,Winnebago,0,215,482.32,81.84711830131445,109.61314459049544,9650.978047219412,136.69385540950455,-93.84982135647876,43.36756061820779
IA,Winneshiek,0,1,1.6,80.0,82.5,5345.62,121.3,-91.817696,43.309093
IA,Worth,0,328,571.3,76.9769647696477,84.80959385251747,6101.421128851091,119.42854888746254,-93.2359634258665,43.39694309313935
IA,Wright,0,100,150.0,67.75510204081633,81.48979591836735,5219.070816326531,108.64081632653063,-93.65457012244897,42.571425551020404
ID,Bingham,1,43,64.5,80.0,77.0,4656.63,118.60000000000001,-111.85505473333333,43.35222066666667
ID,Bonneville,0,215,366.3,82.65116279069767,87.84883720930233,6123.107348837209,126.6032558139535,-111.81822856395347,43.467533074750826
ID,Cassia,0,34,51.0,80.0,82.5,5345.62,121.3,-113.95791488235294,42.466264823529414
ID,Elmore,0,448,996.8,80.33482142857143,98.47209821428571,7640.580736607144,129.57879464285713,-115.4132625523539,43.01930631412338
ID,Power,0,80,169.2,80.0,100.0,7853.979999999999,130.1,-112.84483904999999,42.70352805
ID,Twin Falls,0,127,218.7,81.2755905511811,85.57874015748031,5775.845826771654,124.10629921259844,-115.00451947804024,42.82606059083552
IL,Adams,1,1,0.9,75.0,54.0,2290.22,102.1,-91.192268,39.833282
IL,Brown,0,1,1.5,85.0,74.0,4300.84,123.5,-90.699394,39.973492
IL,Bureau,1,320,680.9,85.878125,100.896875,8138.160906249999,136.3440625,-89.54615522888392,41.44328704001488
IL,Champaign,1,134,217.08,100.0,100.0,7853.979999999999,150.0,-87.97703726666667,40.2446718
IL,DeKalb,1,145,217.5,80.0,77.0,4656.63,118.6,-88.87306614285714,41.818139428571435
IL,Douglas,0,48,199.8,105.0,146.79166666666666,16950.790416666667,178.4958333333333,-88.00763154166667,39.857785104166666
IL,Ford,1,229,454.8,81.68995633187772,97.88646288209607,7728.23192139738,130.6938864628821,-88.14765115091221,40.68006806076923
IL,Grundy,0,132,198.0,80.0,77.0,4656.63,118.6,-88.5386819469697,41.16239508333333
IL,Henry,1,321,557.86,96.01246105919003,97.9190031152648,7625.8276012461065,144.94859813084113,-90.1789664976947,41.21660111844237
IL,Iroquois,1,291,475.9,80.0,88.69415807560138,6233.458762886598,124.41477663230239,-87.90541330407078,40.74169849339667
IL,Kankakee,1,195,359.1,80.0,100.0,7853.98,130.1,-88.11162665923626,41.013657381259094
IL,LaSalle,1,216,439.2,80.11111111111111,90.13888888888889,6776.235648148148,125.2611111111111,-88.75058199378307,41.24394428659612
IL,Lee,1,474,919.275,81.54430379746836,92.04008438818565,6921.043670886075,127.59135021097046,-89.1995370768776,41.67956029358567
IL,Livingston,1,250,500.0,86.848,88.2,6111.5,131.0476,-88.62748895600001,40.928418928
IL,Logan,1,222,552.78,91.98198198198199,109.8963963963964,9982.452297297295,147.02252252252254,-89.40122113604686,40.12533885970528
IL,Macon,1,139,305.8,95.0,110.0,9503.32,150.0,-89.037005352518,40.00027749640288
IL,Marshall,1,133,243.06,82.23308270676692,89.40601503759399,6644.336616541354,126.98646616541355,-89.46664840601504,41.03347087218045
IL,Mason,1,43,184.9,120.0,150.0,17671.46,195.1,-89.69130825581395,40.255148279069765
IL,McDonough,0,60,150.0,89.0,127.0,12667.69,152.4,-90.76846493478261,40.608352000000004
IL,McLean,1,492,1013.77,83.77439024390245,96.77642276422765,7742.43650406504,132.1569105691057,-88.74845614227642,40.5451258597561
IL,Morgan,1,107,301.74,114.0,127.0,12667.69,177.4,-90.06272899065421,39.6968326728972
IL,Pike,0,1,1.65,70.0,82.0,5281.02,110.9,-90.846191,39.618793
IL,Stark,0,100,150.0,80.0,77.0,4656.63,118.6,-89.6665144,41.108017425
IL,Stephenson,0,67,100.5,80.0,82.0,5281.02,121.0,-89.88288594029851,42.45633534328358
IL,Tazewell,1,67,100.5,80.0,77.0,4656.63,118.60000000000001,-89.42814594736842,40.35598113157894
IL,Vermilion,0,183,315.08000000000004,98.66120218579235,100.0,7853.98,148.6879781420765,-87.84482308984867,40.260475710277426
IL,Warren,1,60,150.0,89.0,127.0,12667.69,152.4,-90.74744364285714,40.646477571428576
IL,Whiteside,1,74,194.25,84.0,126.0,12468.98,146.9,-89.64097050000001,41.60062525
IL,Woodford,1,100,200.0,100.0,90.0,6361.73,145.1,-88.96248494666666,40.8767054
IN,Benton,1,638,1388.62,84.31818181818181,100.05895403770586,8241.821526380856,134.3645352995717,-87.36320665881496,40.6026738549075
IN,Jay,1,109,266.34,91.61467889908256,121.24770642201835,11569.854311926607,152.24311926605503,-85.02164020675765,40.33399667800403
IN,Kosciusko,0,1,0.9,71.0,56.0,2463.01,99.1,-86.044098,41.110992
IN,Madison,0,125,200.0,100.0,100.0,7853.980000000001,150.0,-85.82388017857143,40.32919725
IN,Randolph,1,159,321.7,96.24877707896576,114.21733053808525,10511.951341719077,153.45618448637313,-85.01990155618448,40.161949871418585
IN,Tipton,1,125,200.0,100.0,100.0,7853.98,150.0,-85.89664269565218,40.34883971014492
IN,Warren,1,150,401.92,88.36,125.768,12432.56056,151.24,-87.442123496,40.387780639999995
IN,White,1,450,1005.25,86.95111111111112,99.47333333333333,8373.98171111111,136.7351111111111,-86.97618239514865,40.662578622660405
KS,Allen,0,59,199.28,108.40677966101696,130.88135593220338,13458.105423728814,173.9101694915254,-95.2438892881356,37.978570830508474
KS,Barber,0,374,670.4,80.0,99.31097351221189,7767.080773993807,129.71371610845296,-98.4057656715139,37.365510949463676
KS,Bourbon,0,70,197.4,114.0,127.0,12667.69,177.4,-94.99844764285714,37.70791494642857
KS,Butler,0,100,150.0,80.0,77.0,4656.63,118.6,-96.55169467,37.57968207
KS,Clark,0,328,777.04,83.59451219512195,114.36585365853658,10306.926524390245,140.75853658536587,-99.95616333169488,37.39511556987308
KS,Cloud,0,35,105.0,80.0,90.0,6361.73,125.0,-97.64207571641792,39.42056323880597
KS,Coffey,0,95,199.0,80.0,114.0,10207.03,136.9,-95.59237178947369,38.35128508421053
KS,Crawford,1,70,197.4,114.0,127.0,12667.69,177.4,-95.03116228571427,37.66557792857143
KS,Elk,0,111,199.8,80.0,90.0,6361.73,125.0,-96.43410018018018,37.427595630630634
KS,Ellis,0,114,204.0,80.0,100.0,7853.98,130.09912280701755,-99.44936670175439,38.99453072807018
KS,Ellsworth,0,233,349.5,80.0,84.73885770881478,5656.629366127434,122.44067348960051,-98.28893631949657,38.84257925285168
KS,Ford,0,441,1125.6,85.34467120181407,105.35487528344672,9099.553333333333,138.0721088435374,-99.79918570240957,37.77931947864129
KS,Gove,0,1,2.72,80.0,116.0,10568.32,138.1,-100.732635,39.121666
KS,Grant,0,135,249.75,80.0,87.0,5944.68,123.4,-101.14379506557378,37.633840737704915
KS,Gray,0,342,507.79999999999995,72.54385964912281,77.59649122807018,5456.18432748538,111.34152046783626,-100.34697025730993,37.713819704678365
KS,Harper,1,294,470.4,80.0,98.07954545454545,7571.924318181818,129.11022727272726,-98.23073942613637,37.360443477272725
KS,Haskell,0,135,249.75,80.0,87.0,5944.68,123.4,-101.0453610945946,37.640581499999996
KS,Kingman,0,476,804.95,80.45378151260505,102.37394957983193,8247.653445378151,131.68529411764706,-98.24173460762768,37.445010910181
KS,Kiowa,0,75,116.5,78.93333333333334,80.03333333333333,5061.8026666666665,118.98,-99.43638470666666,37.51961964
KS,Lincoln,0,289,461.5,80.0,82.58681329098924,5376.309687633312,121.37022325449117,-98.26708258728992,38.89126472406819
KS,Lyon,1,62,200.13,95.71153846153847,125.53846153846153,12466.806923076922,158.58076923076922,-96.02298384615385,38.49390098076923
KS,Marion,0,95,299.25,87.5,125.0,12271.85,150.0,-97.21673735789474,38.574800536842105
KS,Marshall,1,145,373.66,89.80689655172414,121.9448275862069,11722.790758620691,150.7193103448276,-96.46264017931036,39.71952744827587
KS,Nemaha,0,120,300.96,90.0,116.0,10568.32,148.1,-96.010946725,39.656971874999996
KS,Neosho,0,139,301.0,121.65467625899281,118.27338129496403,10997.831870503596,180.79136690647482,-95.38577725179856,37.49976718705036
KS,Ness,0,111,198.7,80.0,100.0,7853.98,130.1,-99.7444235319149,38.66469590425532
KS,Osage,1,62,200.13,101.5,132.0,13684.78,167.6,-95.93415344444445,38.46107766666667
KS,Pratt,1,227,452.07000000000005,80.0,105.48458149779735,8747.739162995595,132.7444933920705,-98.73118781057268,37.57499095154186
KS,Rush,0,21,48.3,80.0,108.0,9160.88,134.1,-99.53413800000001,38.431246238095234
KS,Sumner,1,75,150.0,80.0,110.0,9503.32,135.0,-97.29491285333333,37.123065266666664
KS,Thomas,0,177,471.47,87.03389830508475,118.37288135593221,11008.139491525424,146.32033898305082,-101.03160195233394,39.31842481838626
KS,Trego,0,111,198.7,80.0,100.0,7853.9800000000005,130.1,-99.68192335294118,38.70776947058823
KS,Wichita,0,33,99.0,80.0,90.0,6361.73,125.0,-101.15983603030304,38.518559787878786
MA,Barnstable,0,7,8.209999999999999,67.71428571428571,63.285714285714285,3711.1771428571433,99.68571428571428,-70.49000095238095,41.69901019047619
MA,Berkshire,0,31,46.5,70.96774193548387,79.25806451612904,4994.60440860215,110.69354838709675,-73.12378005034215,42.663347912512215
MA,Bristol,0,3,5.0,80.0,85.66666666666667,5784.983333333334,122.83333333333333,-70.95419833333334,41.67412433333334
MA,Essex,0,3,6.0,78.66666666666667,87.5,6023.026666666666,122.5,-70.71891799999999,42.656191
MA,Franklin,0,19,28.5,65.0,77.0,4656.63,103.6,-73.0216485,42.709610874999996
MA,Hampden,0,2,5.0,90.0,109.0,9331.32,144.5,-72.871151,42.212663500000005
MA,Plymouth,0,10,18.8,87.5,88.55,6258.7215,131.725,-70.69133525,41.940395
MA,Suffolk,0,3,2.7,46.333333333333336,58.666666666666664,2916.966666666667,75.56666666666666,-70.99491366666668,42.36147833333334
MA,Worcester,0,4,6.3,72.5,79.5,4968.825000000001,112.25,-71.91884825,42.5289155
MD,Garrett,0,96,240.0,85.83333333333333,94.66666666666667,7052.615416666667,133.16666666666666,-79.32889311197916,39.37402891406251
ME,Aroostook,0,76,189.6,82.52631578947368,99.10526315789474,7937.935263157896,132.0513157894737,-67.99419303947369,46.23959786842105
ME,Franklin,0,31,91.65,81.45161290322581,93.7741935483871,6933.828064516129,128.36774193548385,-70.49858170967742,45.14558257258064
ME,Hancock,0,58,157.8,109.64655172413794,114.84482758620689,10453.717586206896,167.13965517241377,-68.17710389655173,44.7521814137931
ME,Knox,0,3,4.5,80.0,77.0,4656.63,118.59999999999998,-68.865799,44.093891000000006
ME,Oxford,0,44,108.6,85.63636363636364,98.13636363636364,7697.368181818182,134.73636363636365,-70.5539374318182,44.57432317424242
ME,Penobscot,0,58,111.9,82.1896551724138,86.82758620689656,6096.749827586207,125.65862068965517,-68.38601374137932,45.24894655172414
ME,Piscataquis,0,56,184.8,94.0,112.0,9852.03,150.0,-69.64781995238096,45.16626247619048
ME,Somerset,0,56,184.8,94.0,112.0,9852.03,150.0,-69.72977514285714,45.10339197142857
ME,Waldo,0,3,4.5,80.0,77.0,4656.63,118.59999999999998,-69.335261,44.49516033333333
ME,Washington,0,55,82.5,80.0,77.0,4656.63,118.6,-67.9763236,45.55324012727272
MI,Delta,0,35,100.45,86.4,118.0,11166.792000000003,145.36285714285717,-86.60396654428571,45.73919160285714
MI,Emmet,1,2,1.8,72.0,52.0,2123.72,98.1,-84.73994099999999,45.7618025
MI,Gratiot,1,386,832.36,93.05395747721994,107.40762908701089,9345.920610148294,146.68149008397356,-84.56201688643888,43.34171689982775
MI,Hillsdale,0,60,166.08,88.1,125.9,12457.753,150.97,-84.47421171666666,41.967994966666666
MI,Huron,1,433,799.65,89.37644341801386,100.08314087759815,7983.581293302541,139.45588914549654,-83.09496440015397,43.8368419908391
MI,Isabella,0,201,544.8199999999999,104.3731343283582,123.44278606965175,11988.789253731344,166.0592039800995,-84.79207841528469,43.632675319375345
MI,Mason,0,56,100.8,80.0,100.0,7853.9800000000005,130.1,-86.35331253571428,43.86887278571429
MI,Missaukee,0,10,20.75,94.16666666666667,92.29166666666667,6690.199166666667,140.3375,-85.30044491666666,44.18347216666667
MI,Osceola,0,10,20.5,96.0,92.6,6734.63,142.34,-85.2612332,44.1581512
MI,Saginaw,0,75,120.0,80.0,90.0,6420.631428571428,125.07142857142857,-83.72602185714285,43.47496614285715
MI,Sanilac,0,70,122.0,95.28571428571429,100.0,7853.98,145.35714285714286,-82.74695305714286,43.636072014285716
MI,Tuscola,0,237,433.78,84.50410335357095,104.43285576500197,8612.425820302804,136.80560562003382,-83.55216612988075,43.54812824630347
MN,Becker,0,32,48.0,80.0,82.5,5345.62,121.3,-96.16693900000001,46.7359425
MN,Chippewa,1,18,44.6,88.82352941176471,116.0,10568.32,146.9235294117647,-95.57026852941176,44.85781352941177
MN,Clay,1,37,51.48,77.43243243243244,77.75675675675676,4861.723783783784,116.34594594594596,-96.28448727387388,46.74562436756757
MN,Cottonwood,1,143,278.25,78.46853146853147,102.32167832167832,8375.794895104895,129.64475524475526,-94.98433298324316,43.90326052447553
MN,Dakota,0,1,2.5,80.0,96.0,7238.23,128.0,-93.048073,44.728298
MN,Dodge,0,124,222.8,89.92525570416994,91.64437450826121,6833.835169158144,135.81675845790716,-92.82607845948074,43.888201914634145
MN,Faribault,0,22,41.0,87.81818181818181,91.0,6631.115454545455,133.23636363636365,-94.20620618181819,43.629349409090906
MN,Freeborn,1,145,252.20000000000002,80.0,88.0,6232.184965517242,123.98482758620689,-93.42016243505748,43.7279321408046
MN,Grant,0,10,20.0,79.0,88.0,6082.12,123.1,-95.89735040000001,45.8079831
MN,Jackson,0,458,808.6,79.83842794759825,89.23580786026201,6404.276004366812,124.50480349344977,-95.01187275298021,43.7357617934663
MN,Kandiyohi,1,2,4.0,80.0,80.0,5026.55,120.1,-95.0074615,45.158009
MN,Lincoln,0,407,762.59,79.0,103.52110788474425,8775.298872012509,130.74190306008487,-96.3029844615442,44.42942222703696
MN,Lyon,1,9,18.9,79.0,88.0,6082.12,123.09999999999998,-95.815757,44.32869177777778
MN,Martin,1,131,259.3,79.8473282442748,92.54198473282443,6738.937709923664,126.12137404580152,-94.8297604538168,43.7591808626291
MN,Meeker,0,24,39.6,80.0,85.5,5741.46,122.8,-94.73338408333332,44.991542458333335
MN,Mower,0,346,612.4,84.10115606936417,88.41907514450867,6255.268595375722,128.39231213872833,-92.68571947539044,43.71091688401747
MN,Murray,1,304,474.89,77.90625,76.70230263157895,4718.667401315789,116.3125,-96.00022198642036,43.965895492268324
MN,Nobles,1,370,699.0,80.94189189189188,88.27342342342342,6530.714162162161,125.15459459459458,-95.84730633752253,43.76198349878378
MN,Pipestone,1,182,337.18,77.38431013431014,91.22893772893774,6929.408043345544,123.07295482295483,-96.129582352442,44.078953484310134
MN,Redwood,1,2,3.3,70.0,82.0,5281.02,110.9,-95.175896,44.5030425
MN,Rice,0,2,3.3,80.0,82.125,5297.17,121.075,-93.1566355,44.463125000000005
MN,Rock,0,125,208.72,79.68,82.124,5331.410400000001,120.788,-96.28592444,43.78672721600001
MN,Scott,0,1,1.5,80.0,77.0,4656.63,118.6,-93.482994,44.736092
MN,St. Louis,0,10,25.0,80.0,96.0,7238.229999999999,128.0,-92.59941180000001,47.573582099999996
MN,Stearns,1,40,78.6,79.25,108.45,9310.975999999999,133.47750000000002,-94.99178944999998,45.652546
MN,Steele,0,24,43.2,80.0,90.0,6361.73,125.0,-93.12550895833334,43.91552091666667
MN,Stevens,1,2,3.3,75.0,82.0,5281.02,115.95,-95.8774875,45.5871675
MN,Watonwan,0,10,20.0,79.0,88.0,6082.12,123.1,-94.8543488,43.869994399999996
MN,Winona,0,4,6.5,74.0,76.5,4894.995,112.3,-91.89624,44.05509275
MO,Adair,0,175,400.0,92.21176470588236,119.15294117647059,11155.385294117646,151.87764705882353,-92.45966503529412,40.29561003529412
MO,Atchison,0,342,800.0,89.71637426900585,109.61695906432749,9764.37649122807,144.56052631578947,-95.34440584210526,40.48782145614035
MO,Barton,0,69,149.4,121.65217391304348,118.26086956521739,10995.571739130433,180.7826086956522,-94.4820372173913,37.41728068115942
MO,Dade,0,69,149.4,121.38461538461537,116.92307692307692,10753.91153846154,179.84615384615384,-94.0091746923077,37.304160230769234
MO,DeKalb,0,196,349.40999999999997,86.46666666666667,98.55119047619047,7840.768816326531,135.81634693877552,-94.47711348115645,39.9156649997619
MO,Gentry,0,27,56.7,80.0,88.0,6082.12,124.1,-94.49275148148148,40.08592629629629
MO,Jasper,0,69,149.4,122.0,120.0,11309.73,182.0,-94.09078635483871,37.29001161290323
MO,Lawrence,0,69,149.4,121.36,116.8,10731.6788,179.76,-94.016593,37.2676102
MO,Nodaway,0,224,528.9,95.34821428571429,118.72321428571429,11185.098660714286,154.73035714285717,-94.90766833928572,40.36457350892857
MO,Schuyler,1,175,400.0,92.06666666666666,119.73333333333332,11261.14,152.03,-92.47822813333335,40.427180944444444
MT,Carbon,0,114,239.8,80.0,110.21621621621621,9541.698378378378,135.1117117117117,-108.69571597297298,45.15677866666667
MT,Cascade,0,6,9.0,80.0,77.0,4656.63,118.59999999999998,-111.43786999999999,47.50050933333333
MT,Fallon,0,12,18.0,80.0,77.0,4656.63,118.59999999999998,-104.17691840000002,46.2738692
MT,Glacier,0,195,292.5,80.0,77.0,4656.63,118.59999999999998,-112.21689963730769,48.70237077871794
MT,Judith Basin,0,54,119.9,85.35185185185185,105.78703703703704,9161.211111111112,138.31851851851852,-110.63506994444444,47.32152162962962
MT,Meagher,0,6,9.0,80.0,77.0,4656.63,118.59999999999998,-110.334039,46.41209216666667
MT,Stillwater,0,31,79.75,84.19354838709677,118.06451612903226,10963.141290322581,143.3258064516129,-109.49901725806453,45.87356006451613
MT,Sweet Grass,0,14,25.06,80.0,100.0,7853.9800000000005,130.1,-109.6524185,45.83571928571428
MT,Teton,0,19,39.9,80.0,104.78947368421052,8632.638947368421,132.42631578947368,-111.930193,47.71611621052631
MT,Toole,0,266,399.0,80.0,77.0,4656.63,118.6,-112.11607125352174,48.671272244036814
MT,Wheatland,0,111,164.72,77.42702702702702,76.497920997921,4705.712127512128,115.76846846846848,-109.73922436451838,46.52512156340956
NC,Pasquotank,1,104,208.0,93.0,114.0,10207.03,150.0,-76.38628802,36.33416388
NC,Perquimans,1,104,208.0,93.0,114.0,10207.03,150.0,-76.45027951851851,36.300879018518515
ND,Adams,0,43,107.5,82.98305084745763,104.61016949152543,8639.699322033897,135.33389830508474,-102.5827924745763,46.06687794915254
ND,Barnes,1,269,407.4,80.0,82.94981412639405,5436.363680297397,121.56765799256506,-97.91816034409851,47.10764955680762
ND,Bowman,1,13,19.5,80.0,77.0,4656.63,118.6,-103.76811215384616,46.24452346153846
ND,Burke,0,74,193.24,88.91891891891892,114.5945945945946,10326.587027027026,146.29459459459457,-102.85981713513515,48.80805681081081
ND,Burleigh,1,118,185.5,80.0,90.62249614791988,6454.06971494607,125.41124807395994,-100.68727941602465,47.12794986748844
ND,Cavalier,0,185,293.34000000000003,80.0,87.40487804878049,6024.772257745551,123.7722346736981,-98.28916473891452,48.6350072050868
ND,Dickey,0,211,391.5,80.0,105.12796208530806,8864.815639810427,132.5317535545024,-98.94023499526067,46.07365668246445
ND,Emmons,0,102,216.44,81.56626506024097,108.16867469879519,9221.313975903615,135.6301204819277,-100.00163419277108,46.38390554216868
ND,Griggs,0,80,120.0,80.0,77.0,4656.63,118.6,-97.97074303225807,47.28585038709678
ND,Hettinger,0,72,149.03,80.0,114.44444444444444,10304.425833333335,137.3222222222222,-102.78960855555556,46.60180347222222
ND,LaMoure,0,27,40.5,65.0,70.5,3903.6300000000006,100.30000000000001,-98.88626609756096,46.32118736585366
ND,Logan,1,102,216.44,84.21052631578948,108.4736842105263,9273.776315789473,138.43157894736842,-99.90133342105263,46.38576794736842
ND,McHenry,0,47,111.92999999999999,78.57446808510639,95.74468085106383,8358.071063829786,126.40851063829787,-100.91746224906133,47.95809160951189
ND,McIntosh,0,75,150.0,80.0,110.0,9503.32,135.0,-99.05134276811594,46.111934159420294
ND,Mercer,1,43,106.7,90.0,116.0,10568.319999999998,148.1,-101.8292477142857,46.99475871428571
ND,Morton,1,248,624.95,81.73387096774194,105.9502688172043,8858.434879032257,134.76666666666668,-101.6382576607687,46.92934420668522
ND,Oliver,1,244,639.85,83.27868852459017,106.41803278688525,8949.619590163935,136.5295081967213,-101.42698171091921,47.036481575490335
ND,Pembina,0,1,1.0,70.0,59.0,2733.97,99.4,-97.241592,48.996891
ND,Pierce,1,71,149.1,79.0,88.0,6082.12,123.10000000000001,-99.95124652112676,48.507041112676056
ND,Rolette,0,75,150.0,95.0,100.0,7853.98,145.1,-99.60268745333333,48.96476508
ND,Stark,1,139,253.73,80.0,101.72661870503597,8129.266330935252,130.84820143884892,-102.51492679280575,46.719143240287764
ND,Steele,0,113,169.5,80.0,78.60619469026548,4857.839469026549,119.38849557522124,-97.92956119830232,47.31424745891277
ND,Stutsman,1,100,200.0,80.0,100.0,7853.98,130.099,-98.60413545,47.19031688
ND,Ward,0,154,231.0,80.0,77.98809523809524,4780.409588744589,119.08506493506492,-101.2858378917749,47.93985654978355
ND,Williams,1,146,448.8,90.85368274766726,119.98064324002384,11731.257368473298,150.93413738336312,-103.04939195225332,48.51828033680762
NE,Adams,1,1,1.7,80.0,103.0,8332.29,131.4,-98.334496,40.569241
NE,Antelope,1,260,512.4,83.11538461538461,104.98461538461538,8699.601307692306,135.7076923076923,-98.03148570091574,42.02353706391942
NE,Boone,0,240,395.6,80.0,94.09375,7007.4085,127.12999999999998,-98.07031902280703,41.891701779639
NE,Brown,1,36,59.4,70.0,82.0,5281.02,110.9,-99.91407561111112,42.46111747222222
NE,Custer,0,93,155.0,80.0,90.59139784946237,6505.399354838709,125.36774193548388,-99.55919850537636,41.49113077419355
NE,Dixon,0,101,318.15,87.5,125.0,12271.85,150.0,-96.82280773267325,42.3790725940594
NE,Fillmore,1,3,6.9,90.0,116.0,10568.32,148.1,-97.62688933333334,40.63289133333333
NE,Franklin,0,100,250.0,80.0,116.0,10568.32,138.1,-98.74163353846151,40.24830815384616
NE,Gage,1,44,74.8,80.0,100.0,7853.98,130.1,-96.90756225,40.040447666666665
NE,Holt,1,200,400.0,80.0,110.0,9503.32,135.0,-98.47024943000001,42.610701295
NE,Jefferson,1,44,74.8,80.0,100.0,7853.98,130.1,-96.9440984375,40.0484023125
NE,Keya Paha,0,2,3.0,65.0,77.0,4656.63,103.6,-99.776089,42.826494
NE,Kimball,1,12,30.0,90.0,116.0,10568.32,148.1,-103.70999016666667,41.29487325
NE,Knox,1,49,123.0,80.0,90.0,6361.7300000000005,125.0,-97.62631234693878,42.684989
NE,Platte,0,7,13.7,80.0,108.57142857142857,9290.588571428572,134.27142857142857,-97.39296814285714,41.67756428571429
NE,Polk,1,1,2.5,89.0,127.0,12667.69,152.5,-97.570107,41.165283
NE,Richardson,0,40,60.0,80.0,82.5,5345.62,121.3,-95.904470825,40.005686125
NE,Saline,1,99,300.0,91.08510638297874,127.43617021276596,12916.634787234041,154.83510638297872,-97.20278618085105,40.50444009574468
NE,Seward,0,1,1.7,80.0,103.0,8332.29,131.4,-97.187675,40.895283
NE,Wayne,0,222,688.29,91.18191552207945,125.3317826022744,12456.703314133807,153.8374464628563,-97.25058300738444,42.22074457805346
NE,Webster,1,140,339.96,80.0,115.54285714285714,10490.767428571427,137.87142857142857,-98.57876785978473,40.2646048702544
NH,Coos,0,38,113.25,80.65789473684211,91.71052631578948,6621.014210526316,126.52631578947368,-71.29404971052631,44.73916973684211
NH,Grafton,0,24,48.0,78.0,87.0,5944.68,121.59999999999998,-71.80639075,43.76169108333334
NH,Hillsborough,0,9,28.8,91.05555555555556,113.0,10028.75,147.54444444444445,-72.01621666666666,43.055370777777775
NH,Sullivan,0,12,24.0,78.0,87.0,5944.68,121.59999999999998,-72.14536541666666,43.233831583333334
NJ,Atlantic,0,5,7.5,80.0,77.0,4656.63,118.6,-74.44834,39.3819724
NJ,Hudson,0,1,1.5,65.0,77.0,4656.63,103.6,-74.117699,40.652794
NM,Catron,0,34,99.8,94.11764705882354,137.1764705882353,14826.096470588234,162.80588235294115,-108.89782067647059,34.13207829411765
NM,Chaves,0,197,397.3,78.39259951910233,85.10761421319795,6539.551634517767,120.99746192893402,-103.83986952651172,33.60348496098495
NM,Cibola,0,64,102.4,80.0,82.5,5345.62,121.3,-107.38181971875,35.256836125
NM,Curry,0,215,502.92,81.81395348837209,109.21860465116279,9498.251534883719,136.51023255813953,-103.18242012093025,34.77970367906977
NM,De Baca,0,157,254.9,81.20382165605096,92.35031847133757,6843.936114649681,127.27898089171977,-104.05825319201699,34.56917399235669
NM,Guadalupe,0,463,1290.1599999999999,88.93986231101512,126.92649838012959,12653.662082208422,152.3216860151188,-105.23104660273907,34.721473198881235
NM,Lea,0,87,304.6,100.77586206896552,133.49425287356323,14261.479195402299,167.59310344827585,-103.59546450421455,33.020814977394636
NM,Lincoln,1,377,1055.6,89.0,127.0,12667.69,152.4,-105.34128183870968,34.29284864516129
NM,Luna,0,28,50.4,80.0,100.0,7853.9800000000005,130.1,-107.50901232142857,32.555684642857145
NM,Quay,0,218,316.4,77.68181818181819,83.2885738115096,5680.8723853211,119.25804837364468,-103.8511151065447,34.756153977270294
NM,Roosevelt,0,501,924.4499999999999,77.36526946107784,99.81419587603035,8243.300612331821,127.25781825470398,-103.42187465044685,33.92667712615163
NM,Torrance,0,635,1666.0,86.42047244094488,123.4,11985.188393700788,148.03307086614174,-105.50696380844667,34.53915280042949
NV,White Pine,0,66,151.8,80.0,101.0,8011.849999999999,130.5,-114.48927628787878,39.09651853030303
NY,Chautauqua,0,73,203.88,93.24657534246575,113.13698630136986,10061.307671232877,149.7780821917808,-79.20287684931507,42.3609845890411
NY,Clinton,0,256,494.25,83.828125,86.5703125,6077.2471875,127.1859375,-73.8871906484375,44.88676643359375
NY,Erie,0,15,36.5,80.33333333333333,93.48666666666666,6872.826,127.08,-78.88093113333335,42.79783766666666
NY,Franklin,0,108,184.2,84.45370370370371,89.67592592592592,6558.155925925927,129.3574074074074,-74.05659342592593,44.89350670370371
NY,Herkimer,0,37,74.0,100.0,90.0,6361.73,145.1,-74.89501694594595,43.14359886486486
NY,Lewis,0,172,344.53000000000003,86.26453488372093,94.93604651162791,7385.681337209302,133.74127906976744,-75.59978168676577,43.792766264205234
NY,Madison,0,43,64.5,73.48837209302326,74.24418604651163,4338.42976744186,110.68372093023255,-75.65506962790698,42.95251881762546
NY,Oneida,0,23,34.5,80.0,77.0,4656.63,118.6,-75.54009625,42.95086575
NY,Ontario,0,2,3.3,70.0,82.0,5281.02,110.9,-76.9680515,42.886696
NY,Steuben,0,137,321.55,79.71532846715328,101.44838373305528,8153.002909280501,130.44212721584984,-77.48239891414667,42.46396123879041
NY,Wayne,0,2,1.1,47.5,43.5,1651.3,69.55,-77.360939,43.226522
NY,Wyoming,0,278,423.24,80.0,81.36020838501612,5263.950783924584,120.77623418506573,-78.29239739010171,42.65989384309104
OH,Cuyahoga,0,3,3.73,75.0,69.33333333333333,4144.806666666666,109.60000000000001,-81.50698333333332,41.596358
OH,Darke,0,3,4.5,80.0,87.0,5944.68,123.40000000000002,-84.61149333333333,40.12783433333333
OH,Hancock,0,10,15.0,80.0,87.0,5944.68,123.4,-83.6410539,41.0929757
OH,Hardin,0,105,313.0,88.29424307036246,123.41151385927506,12045.162430703624,150.0,-83.74230275394456,40.62454320469083
OH,Logan,0,77,250.4,83.8961038961039,131.16883116883116,13533.33064935065,149.4831168831169,-83.7190184788961,40.5091069237013
OH,Marion,0,3,4.5,80.0,87.0,5944.68,123.40000000000002,-83.178871,40.59116
OH,Paulding,0,334,743.8,97.062874251497,103.57704590818362,8663.159063872256,148.93522954091816,-84.6498098689594,41.03990253369478
OH,Putnam,0,1,1.5,80.0,87.0,5944.68,123.4,-84.033714,41.002811
OH,Van Wert,0,155,308.5,99.70967741935483,89.94193548387096,6353.658064516129,144.78064516129032,-84.60934763197757,40.95240715096774
OH,Wood,0,2,3.6,78.0,80.0,5026.55,118.0,-83.7386475,41.37949175
OH,Wyandot,0,1,1.5,80.0,87.0,5944.68,123.4,-83.228584,40.718292
OK,Alfalfa,0,91,250.9,88.4,126.26666666666667,12527.732,151.4466666666667,-98.24904721666665,36.51187695
OK,Beaver,0,322,701.27,83.3416149068323,99.11180124223603,7850.193105590061,132.84844720496895,-100.74882439751553,36.53826795652174
OK,Beckham,0,66,101.16,80.0,91.0,6503.88,125.60000000000001,-99.55989059999999,35.4402148
OK,Blaine,0,472,1192.5,86.76906779661017,120.3072033898305,11474.461038135594,146.94745762711864,-98.55983882093331,35.84284651948052
OK,Caddo,0,470,964.6500000000001,80.00775969962453,106.73185581627384,9173.817787037118,133.37969030343874,-98.39390286185441,35.10802682706421
OK,Canadian,0,346,719.3299999999999,80.81184971098266,103.54630057803467,8478.917460115606,132.64065895953757,-98.0845089058481,35.57958031768387
OK,Carter,0,50,100.0,80.0,110.0,9503.32,135.0,-97.16317655555555,34.362957333333334
OK,Comanche,0,111,173.25,75.94594594594595,74.97297297297297,4419.415135135136,113.53243243243242,-98.51110342342344,34.831882064616345
OK,Custer,0,508,1230.2,86.29796211436685,113.80312540338194,10495.050898008905,143.22964292629405,-98.89688708684231,35.629752423711814
OK,Dewey,0,512,1021.8,81.5625,102.138671875,8223.54076171875,132.694140625,-98.93362822472942,36.05651796973942
OK,Ellis,0,173,423.6,88.87445809248555,110.25469653179191,9595.894125722543,143.99429190751445,-99.5144159564768,36.15077379201791
OK,Garfield,0,622,1377.44,84.43812245569808,109.27852195983496,9575.392808405915,139.104561279676,-97.64996341620758,36.481032447751296
OK,Grady,0,405,763.9,81.54074074074074,108.27407407407408,9282.551333333333,135.7525925925926,-97.94607596219996,35.07391713563207
OK,Grant,0,330,688.78,80.70953436807095,100.96348854397634,8156.612949002217,131.26582409460457,-97.64142058381374,36.792385775240206
OK,Harper,0,128,224.4,79.578125,83.1015625,5441.0215625,121.215625,-99.49912431278933,36.64007049305555
OK,Johnston,0,112,303.5,89.0,125.69047619047619,12417.765,151.7452380952381,-96.777658,34.48524605952381
OK,Kay,0,471,1366.18,88.36305732484077,120.33970276008493,11521.863864118894,148.619957537155,-97.25169172253882,36.825041581293995
OK,Kingfisher,0,185,479.25,83.85135135135135,112.83783783783784,10122.615945945945,140.3189189189189,-97.80783985107556,35.90588727787367
OK,Kiowa,0,177,300.0,73.83050847457628,93.32627118644068,6986.8018855932205,120.47987288135593,-98.83243546754129,34.98769079402977
OK,Logan,0,95,299.25,87.5,125.0,12271.85,150.0,-97.670765,35.9886685
OK,Major,0,194,537.52,89.0,127.0,12667.690000000002,152.4045185347664,-98.17655992254333,36.35536284818491
OK,Murray,0,202,508.1,88.0309405940594,115.92924917491749,10834.890038160065,146.06376856435645,-97.19817219997182,34.43670060296677
OK,Noble,0,208,545.96,89.14267990074443,120.65384615384616,11456.515000000001,149.5272952853598,-97.33284060181141,36.4889861780397
OK,Osage,0,84,150.36,80.0,100.0,7853.98,130.1,-96.65345767857143,36.70667367857143
OK,Pontotoc,0,112,303.5,89.0,127.0,12667.69,152.4,-96.79425904347826,34.51607169565217
OK,Pushmataha,0,29,100.05,105.0,136.0,14526.72,173.1,-95.1924865,34.590843285714286
OK,Roger Mills,0,214,356.15999999999997,79.38317757009345,85.58213515456505,5789.0705796189795,122.26149352983465,-99.65293152211925,35.524596721320734
OK,Stephens,0,120,249.0,80.0,116.0,10568.32,138.1,-97.75608899999999,34.66884247916666
OK,Texas,0,120,240.0,80.0,104.83333333333333,8666.739000000001,132.44,-101.60421008333333,36.53815126666667
OK,Washita,0,157,266.0,80.0,90.44267515923566,6524.651337579618,125.26815286624203,-98.92203055277525,35.22027257815186
OK,Woods,0,72,199.4,89.0,127.0,12667.69,152.4,-98.61393155813953,36.503481395348835
OK,Woodward,0,436,976.3,84.77226352420121,104.97287250869978,8756.176781081936,137.2777364757988,-99.3633916606214,36.29058259059089
OR,Baker,1,31,53.0,72.25806451612904,101.48387096774194,8778.370967741936,123.06129032258065,-117.27752764516129,44.398660774193544
OR,Gilliam,0,820,1805.75,81.09390243902439,100.00224801645606,8275.92096973259,131.11255803702616,-120.13190454720255,45.63580064971386
OR,Morrow,0,742,1752.93,84.75951613963579,109.5572208639317,9700.258437584305,139.5067745388128,-119.76130807138074,45.58530837378004
OR,Sherman,0,418,909.8,81.77033492822966,92.41437170639207,7041.319450973475,128.03780786276542,-120.58258152020315,45.568123076313746
OR,Umatilla,1,1179,671.04,55.438507209499576,53.82493638676845,2428.2449787955898,82.34656488549619,-118.84665686049932,45.95634627306994
OR,Union,0,59,97.35,70.0,82.0,5281.02,110.9,-117.80782603278689,45.08408262295082
PA,Blair,0,124,248.0,82.79032258064517,87.65322580645162,6035.489274193549,126.71290322580644,-78.49778673235886,40.475257449092744
PA,Bradford,0,67,100.5,80.0,77.0,4656.63,118.6,-76.854528375,41.7584345
PA,Cambria,0,150,327.5,84.86666666666666,91.1,6540.561333333334,130.45835185185183,-78.63667715555556,40.37907819962963
PA,Centre,0,25,50.0,100.0,90.0,6361.73,145.1,-78.24184077777778,40.75138111111111
PA,Columbia,0,13,26.0,78.0,87.0,5944.679999999999,121.6,-76.31544799999999,40.812435
PA,Fayette,1,33,61.0,74.21212121212122,82.0,5326.18,115.29696969696968,-79.62865030303031,39.803134
PA,Lancaster,0,2,3.2,80.0,82.5,5345.62,121.3,-76.45589849999999,39.9590915
PA,Luzerne,1,12,24.0,78.0,87.0,5944.68,121.59999999999998,-75.75191808333334,41.237073333333335
PA,Lycoming,1,30,69.0,80.0,101.0,8011.85,130.5,-77.03009863333334,41.5319773
PA,Potter,0,25,90.0,125.96,137.0,14741.14,194.56,-77.67979832,41.89435388
PA,Schuylkill,1,102,204.0,78.0,83.34782608695652,5457.050869565217,119.68260869565219,-76.17338618227424,40.84428336956522
PA,Somerset,1,198,372.5,84.80909090909091,85.08585858585859,5756.681313131314,127.39242424242423,-78.93615291919191,39.86338351010101
PA,Tioga,0,67,100.5,80.0,77.0,4656.63,118.5925925925926,-76.94369325925926,41.75115962962963
PA,Wayne,0,43,64.5,65.0,70.5,3903.63,100.3,-75.43673939534884,41.596857279069766
PA,Wyoming,0,88,140.8,94.77272727272727,82.5,5345.62,135.92499999999998,-76.07719257954545,41.46764411363636
PR,Bayamon Municipio,0,3,0.83,55.0,32.0,804.25,71.0,-66.128632,18.416002
PR,Ceiba Municipio,0,3,0.83,55.0,32.0,804.25,71.0,-65.610001,18.231634
PR,Guaynabo Municipio,0,3,0.83,55.0,32.0,804.25,71.0,-66.115952,18.407097
PR,Naguabo Municipio,0,13,23.4,80.0,100.0,7853.98,130.1,-65.69705092307693,18.19496353846154
PR,Santa Isabel Municipio,0,44,101.2,80.0,108.0,9160.88,134.1,-66.39032075,17.984862636363633
RI,Kent,0,10,15.0,85.0,82.3,5319.7300000000005,126.2,-71.70852070000001,41.6733115
RI,Newport,0,1,1.5,85.0,82.3,5319.73,126.2,-71.25132,41.614353
RI,Providence,0,13,30.0,82.3076923076923,102.46153846153847,8527.248461538462,133.5076923076923,-71.46802176923076,41.794232538461536
RI,Washington,0,6,31.5,102.5,138.66666666666666,15606.386666666665,171.9,-71.51605616666666,41.19309233333333
SD,Aurora,0,110,172.2,80.0,80.19090909090909,5140.313727272727,120.19372212692967,-98.77013932915953,43.8824373754717
SD,Bon Homme,1,100,296.15,97.1,115.5,10958.662199999999,154.86399999999998,-98.0517879253409,43.12848499329545
SD,Brookings,1,204,411.1,80.58862229102166,92.83397832817336,6987.14225619195,127.0703947368421,-96.57364988692524,44.46103068947559
SD,Brule,0,69,110.3,79.42028985507247,81.59420289855072,5374.699710144927,120.31159420289855,-98.85636951138716,43.84751232091098
SD,Butte,0,38,106.4,89.0,127.0,12667.69,152.4,-103.2479210263158,44.867931342105265
SD,Campbell,0,55,95.0,80.0,103.0,8332.29,131.4,-100.27516132727273,45.78931663636363
SD,Charles Mix,0,100,296.15,97.1,115.5,10958.662199999999,154.86399999999998,-98.1157417863158,43.13436213526316
SD,Clark,1,88,228.94,88.75,112.375,9990.365,145.0125,-97.8409260909091,45.07961065909091
SD,Codington,1,175,400.7,89.29423558897243,116.0,10568.32,147.39423558897244,-96.94047877712978,44.99151588328212
SD,Day,0,66,105.6,80.0,91.0,6503.88,125.60000000000001,-97.90237689393939,45.2213103030303
SD,Deuel,1,358,866.74,85.95155076093238,112.37988826815642,10144.62622905028,142.15266807936814,-96.6865370132628,44.7499772912922
SD,Grant,1,207,554.3,92.78260869565217,121.10144927536231,11630.0877294686,153.4333333333333,-96.89596799355877,45.064653936392915
SD,Hand,0,10,25.0,80.0,89.0,6221.14,124.4,-99.13610220000001,44.4766326
SD,Hutchinson,0,100,296.15,97.1,115.5,10958.662199999999,154.86399999999998,-98.029417507125,43.183856645875004
SD,Hyde,1,119,290.74,84.32773109243698,105.67647058823529,9056.163445378152,137.2546218487395,-99.53650720475508,44.4281729112523
SD,Jerauld,0,92,138.0,80.0,82.17391304347827,5339.309347826086,121.18695652173912,-98.68080695088567,43.964049634863116
SD,McPherson,1,59,88.5,80.0,82.0,5281.02,121.0,-99.02012854237289,45.911636423728815
SD,Roberts,0,32,153.6,108.0,149.0,17436.63,182.59999999999997,-97.12298876923077,45.31334407692308
TN,Anderson,0,15,27.0,80.0,80.0,5026.55,120.1,-84.34895426666667,36.12700653333333
TX,Andrews,0,57,160.74,89.0,127.0,12667.69,152.40188679245284,-102.93688643396226,32.390427905660374
TX,Archer,0,218,424.4,80.0,101.02752293577981,8083.446972477062,130.57247706422018,-98.61650039908255,33.46990287155963
TX,Armstrong,0,75,150.0,80.0,110.0,9503.32,135.0,-101.43768214705882,35.161559294117644
TX,Bailey,0,43,148.35,87.0,126.0,12468.98,150.0,-102.65880982857142,34.057228342857144
TX,Baylor,0,322,922.44,89.93167701863354,123.58385093167702,12015.711739130435,151.65465838509317,-99.28417364673913,33.70313673809523
TX,Bee,0,190,571.46,94.96297640653356,130.53357531760435,13555.425379310342,160.2455172413793,-97.8101180337568,28.330898886751363
TX,Borden,0,711,1004.44,74.27004219409282,82.29535864978902,5665.3325457102665,115.47665260196905,-101.48543142889551,32.88590650553174
TX,Briscoe,0,181,350.0,80.0,94.18232044198895,6999.541878453039,127.10165745856355,-101.2785328053144,34.35086266929755
TX,Callahan,0,147,501.0,83.63265306122449,114.22448979591837,10905.32,140.79795918367347,-99.49929873771731,32.47832420256992
TX,Cameron,0,498,1269.3,91.40056984695539,119.55834147400412,11256.190860197548,151.21921198306737,-97.62900571266121,26.272818408560536
TX,Carson,0,738,1264.2,78.72086720867209,92.33306747624438,6880.415458989401,124.91875407361668,-101.30656515005667,35.36202434645527
TX,Castro,0,282,575.7,80.0,99.34042553191489,7912.1863829787235,129.65567375886525,-102.34284678368795,34.65357751773049
TX,Clay,0,119,204.09,80.0,103.0,8332.29,131.4,-98.37227084873949,33.50763267226891
TX,Cochran,0,67,150.59,80.0,114.83582089552239,10368.078507462687,137.5,-102.90619701492537,33.53746682089552
TX,Coke,0,478,966.72,82.62006549026742,98.9155903219938,7971.045887756958,132.13283609241404,-100.73773961216035,31.868513503092593
TX,Comanche,0,187,400.1,88.02139037433155,109.06951871657753,9344.002994652406,142.60267379679144,-98.64510285204992,31.764747609625672
TX,Concho,0,170,640.35,98.44705882352942,137.85882352941175,15058.836352941178,167.44529411764705,-99.8887569117647,31.224702664705884
TX,Cooke,0,179,425.66,80.54469273743017,108.06703910614524,9432.515865921787,134.64357541899443,-97.37857660893856,33.67253250837989
TX,Crockett,0,442,1257.54,87.45508384349215,125.87556561085972,12455.53871173809,150.3358597285068,-101.60402444904749,30.98302705589566
TX,Crosby,0,202,367.51,80.0,104.3490099009901,8578.316905940595,132.11658415841583,-101.20012771632935,33.78555980758591
TX,Dawson,0,118,211.22,80.0,100.0,7853.98,130.1,-101.75183772072073,32.71734982882883
TX,Deaf Smith,0,227,482.8,83.30396475770925,101.24229074889868,8107.9293392070485,133.97753303964754,-102.38894641787287,34.928324440528634
TX,Dickens,0,100,150.0,80.0,77.0,4656.63,118.6,-100.98416856,33.76395849
TX,Donley,0,87,174.0,80.0,100.0,7853.9800000000005,130.1,-100.93090298360656,35.16331273770492
TX,Duval,0,120,300.0,89.0,127.0,12667.69,152.4,-98.7614399607843,27.620296607843137
TX,Eastland,0,24,48.0,80.0,110.0,9503.32,135.0,-98.48894256249999,32.337044375
TX,Ector,0,96,152.61,80.0,77.0,4656.63,118.59999999999998,-102.78752477777778,31.934017444444446
TX,Erath,0,53,148.05,83.83018867924528,118.24528301886792,11028.81358490566,142.94716981132075,-98.41771864150944,32.348761377358485
TX,Fisher,0,577,1115.02,81.25782444693648,88.59808339280252,6785.7384137017025,125.60902232643492,-100.60532327100557,32.617227216526246
TX,Floyd,0,551,1218.95,81.89927404718694,104.3611615245009,8586.125154264973,134.08892921960071,-101.22520000396099,34.07800244849261
TX,Foard,0,139,350.28,89.0,127.0,12667.69,152.4,-99.74134107299271,33.91131767883211
TX,Garza,0,176,422.4,86.13636363636364,114.15034965034965,10512.787604895106,143.11398601398602,-101.43184495360737,33.200918641309904
TX,Glasscock,0,457,963.6,81.39606126914661,99.64944561422824,7980.780593149195,131.23575088651262,-101.44609451346678,31.863749678963654
TX,Gray,0,199,374.48,80.0,100.0,7853.9800000000005,130.1,-101.00849602825237,35.267816031937464
TX,Hale,0,239,478.0,92.65271966527196,115.42259414225941,10465.830460251045,150.4543933054393,-101.65079575732217,33.95008828870293
TX,Hansford,0,272,466.7,79.86029411764706,91.125,6603.627683823529,125.5220588235294,-101.23131661305148,36.40144027987132
TX,Hardeman,0,123,299.56,88.7479674796748,121.77235772357723,11685.922764227642,149.58799249530958,-99.53198333020637,34.194384398373984
TX,Hartley,0,2,4.2,90.0,96.0,7239.015,137.95,-102.2725905,35.749596
TX,Haskell,0,200,480.0,85.0,116.0,10568.32,143.1,-99.59638474783951,33.343590199135804
TX,Hemphill,0,156,288.6,80.0,87.0,5944.68,123.4,-100.47468547540983,35.64536457377049
TX,Hidalgo,0,183,384.4,87.27868852459017,115.24590163934427,10450.944918032788,144.95409836065576,-98.08859105657343,26.434839548698168
TX,Hill,0,108,301.36,89.8913043478261,125.80434782608694,12439.497608695652,152.87173913043478,-96.87133552173913,31.788916326086955
TX,Howard,0,243,454.53000000000003,79.88477366255144,96.778463648834,7397.933168724279,128.37074759945128,-101.43801972222221,32.23451324622771
TX,Hutchinson,0,10,20.0,80.0,80.0,5026.55,120.1,-101.53686230000001,35.93268380000001
TX,Irion,0,340,762.4,86.70588235294117,112.52941176470588,10113.850588235295,143.0,-101.04839667941175,31.19275455168067
TX,Jack,0,190,380.0,91.60526315789474,91.94736842105263,6661.997105263157,137.6778947368421,-98.28865845203737,33.14279072724958
TX,Jim Hogg,0,39,78.0,80.0,116.0,10568.32,138.1,-98.91187251428572,27.184113514285716
TX,Kenedy,0,454,1089.4,83.33149779735683,100.59030837004406,8052.385903083701,133.57400881057268,-97.57298375330397,27.054682834801767
TX,Kent,0,108,280.12,88.0,124.0,12132.833333333334,149.92222222222225,-100.54311661352656,33.02616796086957
TX,Kinney,0,55,99.0,80.0,100.0,7853.98,130.1,-100.19209812727273,29.190197527272726
TX,Knox,0,362,1184.4,94.80662983425414,130.3646408839779,13586.938977900552,160.00828729281767,-99.5983398597002,33.6072880551225
TX,Lamb,0,43,148.35,87.0,126.0,12468.98,150.0,-102.59190674999999,34.042038
TX,Limestone,0,208,601.36,86.11197270471463,132.78939205955336,13890.411944789083,152.598294044665,-96.8178860665503,31.65373274803797
TX,Lubbock,0,11,12.5,70.9090909090909,57.27272727272727,2660.3572727272726,99.45454545454545,-101.79247272727274,33.553648
TX,Lynn,0,375,910.8199999999999,85.85066666666667,118.00533333333334,11057.804479999999,144.81626666666665,-101.65495984782461,33.14895260579598
TX,Martin,0,80,120.0,80.0,77.0,4656.63,118.6,-101.8146298125,32.2102647875
TX,Matagorda,0,48,151.2,87.5,125.0,12271.85,150.0,-95.90200287234042,28.866219
TX,McCulloch,0,128,339.88,89.5234375,117.7421875,10950.301015625,148.34921875,-99.47805371875,31.245148445312502
TX,McLennan,0,100,300.0,82.0,140.0,15393.8,152.1,-96.8542747857143,31.56297621428571
TX,Mills,0,246,643.5,93.32714123652865,116.84921535261863,11019.20988513897,151.78548875023634,-98.51844800562169,31.5312010286359
TX,Mitchell,0,528,633.0,71.54166666666667,66.89454545454545,3603.238116666667,104.99959848484849,-100.69089695977928,32.48817124036131
TX,Moore,0,66,89.0,76.09415584415585,69.12121212121212,3784.1209090909088,110.63528138528137,-101.90327796654861,35.93070836448905
TX,Nolan,0,1530,2428.22,76.27579381660583,79.53891302165432,5204.844288650108,116.07893288378887,-100.39051056871511,32.353804662051786
TX,Nueces,0,150,484.13,85.05666666666667,127.56666666666666,12870.670866666665,148.84,-97.57359259333333,27.606841013333337
TX,Ochiltree,0,147,249.9,80.0,100.0,7853.979999999999,130.1,-101.01682381300813,36.434089130081304
TX,Oldham,0,445,955.25,80.0,98.68988764044944,7693.984044943821,129.37438202247188,-102.47486465970368,35.27759860578956
TX,Parmer,0,96,230.4,80.0,107.0,8992.02,133.5,-102.710507375,34.71607395833333
TX,Pecos,0,582,701.4,59.105829293351505,63.953211736716895,3629.9900806238434,91.10114883931095,-102.32731559446003,30.911748351859192
TX,Potter,0,34,78.2,80.0,101.0,8011.85,130.5,-102.1612902,35.2404938
TX,Randall,0,69,166.76999999999998,80.72463768115942,107.42028985507247,9072.23304347826,134.43623188405797,-102.04812620289856,34.782211
TX,Reagan,0,120,300.0,90.0,116.0,10568.319999999998,148.1,-101.36828306666668,31.193056885714288
TX,Refugio,0,100,220.0,92.0,120.0,11309.73,152.1,-97.43240229999999,28.19075719
TX,Roberts,0,156,288.6,80.0,87.0,5944.679999999999,123.4021052631579,-100.57977321052633,35.659143105263155
TX,San Patricio,0,458,1050.47,85.35364284072627,109.78241783498046,9730.828506320386,140.22518731326133,-97.55559930324863,28.008982217039563
TX,Schleicher,0,176,359.5,82.1590909090909,103.52272727272727,8579.13340909091,134.02045454545453,-100.6751938181818,31.062384536931816
TX,Scurry,0,1204,1852.4,76.96400416690129,80.42082324455205,5524.130790725829,117.21336927754942,-100.85755917409288,32.71176652598839
TX,Shackelford,0,250,521.6,78.576,87.32,6000.977599999999,122.272,-99.49303664038356,32.6392169430685
TX,Sherman,0,16,20.0,72.5,64.0,3216.99,104.4,-101.84132768750001,36.456244999999996
TX,Starr,0,514,1351.2,97.8112840466926,121.08171206225681,11707.102412451362,158.3785992217899,-98.6992184610049,26.54052018974793
TX,Sterling,0,596,993.44,78.37248322147651,87.98590873201019,6185.470078329685,122.41191499479596,-101.05257499147885,31.957090418108244
TX,Stonewall,0,108,280.12,88.0,124.0,12132.833333333334,149.92222222222225,-100.50710455555556,33.02524638888889
TX,Taylor,0,418,834.17,79.67942583732058,88.90624924100746,6256.21279928594,124.10364437859762,-100.07199889990729,32.29367186791831
TX,Throckmorton,0,79,350.15,103.21518987341773,144.39240506329114,16475.83835443038,175.41139240506328,-99.29152503797468,33.16841805063291
TX,Tom Green,0,100,160.0,80.0,91.0,6503.88,125.6,-100.63106641071428,31.138221660714283
TX,Upton,0,356,728.14,69.47746956928839,89.94077715355805,7143.393912687266,114.40640215355806,-102.09972925877808,31.202809635416667
TX,Val Verde,0,69,149.34,80.0,112.98550724637681,10049.820289855072,136.5463768115942,-100.77239536231885,29.767658
TX,Webb,0,503,990.89,87.88071570576541,107.81809145129225,9379.65749502982,141.82644135188866,-98.92219086516721,27.490171394261303
TX,Wilbarger,0,431,1015.11,84.97834493426141,114.57741686001548,10517.667351894817,142.2444238205723,-99.20082043066579,34.08258335675203
TX,Willacy,0,640,1443.78,89.8996535326087,112.9046195652174,10079.900923505435,146.42454076086955,-97.68389709200594,26.4044813840113
TX,Winkler,0,96,152.61,80.0,80.3103448275862,5070.958160919541,120.19080459770116,-102.83276579310343,32.000213505747126
TX,Young,0,165,348.0,89.0909090909091,100.9090909090909,8075.324545454544,139.5909090909091,-98.55631535664334,33.2986756979021
TX,Zapata,0,150,489.0,106.4,135.2,14533.511600000002,173.98399999999998,-99.12415523310078,26.99450893616279
UT,Beaver,1,165,305.5,80.0,86.03333333333333,5888.460848484849,123.06969696969696,-112.93403346531987,38.55159853265993
UT,Millard,1,68,102.0,80.0,77.0,4656.63,118.6,-112.93051655932203,38.58688550847457
UT,San Juan,0,27,62.1,80.0,116.0,10568.32,138.1,-109.38500400000001,37.894069555555554
UT,Tooele,0,1,1.79,80.0,90.0,6494.460000000001,125.0,-112.373535,40.5012795
UT,Utah,0,9,18.9,79.0,88.0,6082.12,123.09999999999998,-111.58385466666667,40.07317222222222
VA,Northampton,0,2,12.0,108.0,154.0,18626.5,185.0,-75.491577,36.886841
VT,Bennington,0,15,30.0,78.0,92.33333333333333,6715.416,124.21333333333334,-72.97933813333333,42.865262933333334
VT,Caledonia,0,16,40.0,80.0,93.75,6904.24,126.875,-72.1012550625,44.6759743125
VT,Chittenden,0,4,10.0,80.0,100.0,7853.98,130.1,-73.069164,44.659696499999995
VT,Franklin,0,4,10.0,80.0,100.0,7853.98,130.1,-73.071922,44.6649285
VT,Orleans,0,21,63.0,84.0,112.0,9852.03,139.9047619047619,-72.42503576190477,44.75059461904762
WA,Adams,1,57,149.9,85.7719298245614,125.3157894736842,12384.032807017544,148.44736842105263,-118.4229476140351,46.896361368421054
WA,Benton,0,37,48.1,64.44444444444444,68.88888888888889,3857.701111111111,98.96666666666665,-119.11137593650794,46.1006576984127
WA,Columbia,0,277,572.2,72.44404332129965,97.35740072202167,7554.06559566787,121.16462093862815,-117.91105345483214,46.41827707174571
WA,Garfield,1,94,216.2,80.0,101.0,8011.850000000001,130.5,-117.8187189865772,46.52270836912752
WA,Grays Harbor,0,4,6.0,80.0,77.0,4656.63,118.6,-124.0676345,46.793994999999995
WA,Kittitas,0,240,423.65,72.6,80.39166666666667,5095.507541666666,112.84291666666667,-120.30077983439598,47.03570174211408
WA,Klickitat,1,575,1196.7,80.25652173913043,90.73826086956522,6528.233147826087,125.63025815217391,-120.45064615982359,45.81997420950801
WA,Lewis,0,38,136.8,82.0,136.0,14526.72,150.0,-122.58567294736842,46.714932210526314
WA,Pacific,1,4,6.0,80.0,77.0,4656.63,118.6,-124.06338500000001,46.791895
WA,Walla Walla,0,908,260.03999999999996,50.0,47.0,1734.94,73.5,-118.80239041353384,46.01145744266917
WA,Whitman,1,58,104.4,80.0,100.0,7853.98,130.1,-117.3270775862069,47.13493189655173
WI,Brown,0,8,20.0,100.0,100.0,7853.98,150.0,-87.937018375,44.348429125
WI,Columbia,0,90,162.0,80.0,90.0,6361.73,125.0,-89.11152845555556,43.57706634444445
WI,Dane,0,6,9.9,80.0,82.0,5281.02,121.0,-89.56071083333332,43.17297233333333
WI,Dodge,0,122,183.0,80.0,78.62295081967213,4859.938524590164,119.39672131147542,-88.51891192539311,43.54473003362329
WI,Fond du Lac,0,215,341.85,80.0,80.0,5031.264,120.03999999999999,-88.37553747781268,43.75815423846637
WI,Iowa,1,20,30.0,65.0,70.5,3903.63,100.3,-90.38321795,42.9607915
WI,Lafayette,0,49,98.0,95.0,110.0,9503.32,150.0,-90.25145089795919,42.65567385714286
WI,Monroe,1,2,5.0,100.0,96.0,7238.23,148.1,-90.8045425,43.736393
WI,Racine,1,2,3.0,85.0,82.3,5319.73,126.2,-87.887989,42.712164
WV,Barbour,0,61,97.6,80.0,82.5,5345.62,121.3,-79.88143385714287,39.01527474285714
WV,Grant,0,154,381.5,82.40584415584415,94.93506493506493,7467.301753246753,129.87597402597405,-79.17265217621015,39.235945299094844
WV,Greenbrier,0,87,156.7,82.0919540229885,88.24137931034483,6449.991609195403,126.26896551724137,-80.54543786206897,38.08371834482759
WV,Mineral,0,38,151.0,96.64473684210526,125.26315789473684,12792.692105263157,159.23684210526315,-79.09062821011027,39.37045496089037
WV,Preston,0,44,66.0,70.0,72.0,4071.5,106.1,-79.5035475,39.2195165
WV,Randolph,0,61,97.6,80.0,82.5,5345.62,121.29999999999998,-79.89436661538463,38.98126473076923
WV,Tucker,0,44,66.0,70.0,72.0,4071.5,106.1,-79.5386301,39.1818661
WY,Albany,1,85,157.25,80.0,91.0,6503.88,125.6,-106.01705131764705,41.67079283529412
WY,Carbon,0,403,1066.65,77.89370905944877,105.54640959090348,9365.967848321498,130.69516747002845,-106.21722603708426,41.99292576811473
WY,Converse,1,546,1149.2,82.86971247930153,99.66099074792436,8135.10244898235,132.71152803992635,-105.70882548841354,42.99211901608623
WY,Laramie,0,137,357.18,85.92700729927007,116.5985401459854,10895.400145985403,144.18905109489052,-105.06627887591242,41.08833213868613
WY,Natrona,0,11,16.5,80.0,77.0,4656.63,118.6,-106.2186979090909,42.887266000000004
WY,Uinta,1,147,284.7,72.46938775510205,83.64625850340136,5507.660136054422,114.33809523809525,-110.66819708163266,41.321128816326535
